,file_names,landmark_1,landmark_2,landmark_3,strongness
0,extracted_faces/52300.jpg,-0.8740415519033001,1.6794023447474764,-2.1017530027390405,5.718501688867274
1,extracted_faces/801.jpg,-1.0299140457622913,-0.29865623613748554,0.5526010004087074,3.9036325160842376
2,extracted_faces/4200.jpg,-0.8659949423249715,1.644688254287485,-1.2892524013302775,4.623249290397901
3,extracted_faces/60.jpg,0.9405425062247461,-0.11911679832040109,-0.23091404100604815,2.7781512503836434
